Year,Agriculture_Area_Pct,Forest_Cover_Pct,Urban_Builtup_Pct,Wasteland_Pct,Water_Bodies_Pct,Data_Source
2015,55.2,21.3,7.1,12.8,3.6,ISRO LULC Cycle 1
2016,54.9,21.4,7.4,12.7,3.6,ISRO LULC Cycle 1
2017,54.6,21.5,7.8,12.5,3.6,MoEFCC State of Forest Report
2018,54.3,21.6,8.2,12.3,3.6,NRSC Geospatial Survey
2019,54.0,21.7,8.6,12.1,3.6,MoEFCC State of Forest Report
2020,53.7,21.7,9.0,12.0,3.6,ISRO LULC Cycle 2
2021,53.4,21.8,9.5,11.7,3.6,MoEFCC State of Forest Report
2022,53.1,21.9,10.0,11.4,3.6,NRSC Bhuvan Portal Data
2023,52.8,22.0,10.5,11.1,3.6,MoEFCC State of Forest Report
2024,52.4,22.1,11.1,10.8,3.6,DoLR GIS Remote Sensing Assessment
2025,52.0,22.2,11.7,10.5,3.6,National Land Governance Platform Estimate
